-- phpMyAdmin SQL Dump
-- version 5.2.1
-- https://www.phpmyadmin.net/
--
-- Host: 127.0.0.1
-- Generation Time: Jul 23, 2024 at 09:13 AM
-- Server version: 10.4.32-MariaDB
-- PHP Version: 8.2.12

SET SQL_MODE = "NO_AUTO_VALUE_ON_ZERO";
START TRANSACTION;
SET time_zone = "+00:00";


/*!40101 SET @OLD_CHARACTER_SET_CLIENT=@@CHARACTER_SET_CLIENT */;
/*!40101 SET @OLD_CHARACTER_SET_RESULTS=@@CHARACTER_SET_RESULTS */;
/*!40101 SET @OLD_COLLATION_CONNECTION=@@COLLATION_CONNECTION */;
/*!40101 SET NAMES utf8mb4 */;

--
-- Database: `manga`
--

-- --------------------------------------------------------

--
-- Table structure for table `chapter`
--

CREATE TABLE `chapter` (
  `id` int(11) NOT NULL,
  `chapter` float NOT NULL,
  `papers` int(11) DEFAULT NULL,
  `manga` int(11) NOT NULL,
  `user` int(120) NOT NULL,
  `isSexy` varchar(12) NOT NULL DEFAULT 'false',
  `size` int(11) NOT NULL,
  `compressed` varchar(12) NOT NULL DEFAULT 'false',
  `date` timestamp NOT NULL DEFAULT current_timestamp()
) ENGINE=InnoDB DEFAULT CHARSET=utf8mb4 COLLATE=utf8mb4_general_ci;

--
-- Dumping data for table `chapter`
--

INSERT INTO `chapter` (`id`, `chapter`, `papers`, `manga`, `user`, `isSexy`, `size`, `compressed`, `date`) VALUES
(53, 1, 54, 17, 1, 'false', 0, 'true', '2023-07-20 10:41:20'),
(54, 2, 25, 17, 1, 'false', 0, 'true', '2023-07-20 11:10:39'),
(55, 3, 24, 17, 1, 'false', 0, 'true', '2023-07-20 20:58:02'),
(57, 190, 37, 11, 1, 'false', 0, 'true', '2023-08-12 15:42:36'),
(58, 1090, 14, 2, 1, 'false', 0, 'true', '2023-08-12 16:49:58'),
(59, 1, 2, 2, 1, 'false', 0, 'true', '2023-08-13 23:18:49'),
(60, 1, 8, 1, 1, 'false', 0, 'true', '2023-08-21 05:39:17'),
(61, 2, 6, 1, 1, 'false', 0, 'true', '2023-08-21 05:50:24'),
(62, 3, 2, 1, 1, 'false', 0, 'true', '2023-08-21 05:58:05'),
(63, 1, 2, 4, 1, 'false', 0, 'true', '2023-08-24 03:51:55'),
(64, 11, 2, 2, 1, 'false', 376507, 'true', '2023-08-24 21:21:36'),
(67, 44, 23, 17, 1, 'false', 3195677, 'true', '2023-10-12 02:29:35'),
(68, 1103, 14, 2, 1, 'false', 3490446, 'false', '2024-01-05 13:04:25');

-- --------------------------------------------------------

--
-- Table structure for table `chapter_view`
--

CREATE TABLE `chapter_view` (
  `id` int(11) NOT NULL,
  `user` int(11) NOT NULL,
  `manga` int(11) NOT NULL,
  `chapter` int(11) NOT NULL,
  `save_page` int(11) NOT NULL DEFAULT 0,
  `date` timestamp NOT NULL DEFAULT current_timestamp()
) ENGINE=InnoDB DEFAULT CHARSET=utf8mb4 COLLATE=utf8mb4_general_ci;

--
-- Dumping data for table `chapter_view`
--

INSERT INTO `chapter_view` (`id`, `user`, `manga`, `chapter`, `save_page`, `date`) VALUES
(87, 9, 2, 1, 0, '2024-02-23 06:16:50'),
(88, 9, 2, 11, 1, '2024-06-19 06:40:26'),
(89, 9, 2, 1090, 0, '2023-08-28 03:58:51'),
(90, 9, 4, 1, 1, '2023-08-28 04:16:40'),
(91, 11, 4, 1, 1, '2023-08-28 04:13:56'),
(92, 9, 17, 44, 0, '2024-06-06 11:46:17'),
(93, 9, 1, 3, 0, '2024-02-23 11:04:56'),
(94, 9, 2, 1103, 0, '2024-06-19 06:41:33');

-- --------------------------------------------------------

--
-- Table structure for table `contact`
--

CREATE TABLE `contact` (
  `id` bigint(255) NOT NULL,
  `id_user` int(11) NOT NULL,
  `Subject` varchar(255) NOT NULL,
  `message` longblob NOT NULL,
  `Date` timestamp NOT NULL DEFAULT current_timestamp()
) ENGINE=InnoDB DEFAULT CHARSET=utf8mb4 COLLATE=utf8mb4_general_ci;

--
-- Dumping data for table `contact`
--

INSERT INTO `contact` (`id`, `id_user`, `Subject`, `message`, `Date`) VALUES
(1, 9, 'ุฑุณุงูุฉ ุฌุฏูุฏูุฉุฉ ', 0xd8b1d8b3d8a7d984d8a920d988d988d8b5d98120d988d8b4d8b1d8ad20d8b7d988d98ad984d8a9203f3f3f3f3f3f3f3fe29aa13f3f3f3fe29aa13f3f3f3fe29aa13f3f3f3fe29aa13f3f3f3fe29aa13f3f3f3fe29aa13f3f3f3fe29aa13f3f3f3fe29aa13f3f3f3fe29aa13f3f3f3fe29aa13f3f3f3f3f3f3f3fe29aa13f3f3f3fe29aa13f3f3f3fe29aa13f3f3f3fe29aa13f3f3f3f3f3f3f3f3f3f3f3f3f3f3f3f3f3f3f3f3f3f3f3f3f3f3f3f3f3f3f3f3f3f3f3f3f3f3f3f3f3f3f3f3f3f3f3f3f3f3f3f3f3f3f3f3f3f3f3f3f3f3f3f3f3f3f3f3f3f3f3f3f3f3f3f3f3f3f3f3f3f3f3f3f3f3f3f3f3f3f3f3f3f3f3f3f3f3f3f3f3f3f3f3f3f3f3f3f3f3f3f20, '2023-07-22 22:19:53'),
(2, 9, 'ุณู ุฌุฏุงุง', 0xf09f988ff09f988f, '2023-08-28 04:02:48'),
(3, 1, 'jnj', 0x6474647464, '2024-01-31 19:09:47'),
(4, 1, 'ูููุถูููุน', 0xd8b1d8b3d8a7d984d8a9, '2024-01-31 19:27:37');

-- --------------------------------------------------------

--
-- Table structure for table `favorite`
--

CREATE TABLE `favorite` (
  `id` int(11) NOT NULL,
  `manga` int(11) NOT NULL,
  `userid` int(11) NOT NULL,
  `date` timestamp NOT NULL DEFAULT current_timestamp()
) ENGINE=InnoDB DEFAULT CHARSET=utf8mb4 COLLATE=utf8mb4_general_ci;

--
-- Dumping data for table `favorite`
--

INSERT INTO `favorite` (`id`, `manga`, `userid`, `date`) VALUES
(1, 1, 9, '2023-08-11 04:01:31'),
(2, 8, 9, '2023-08-17 11:04:06'),
(5, 11, 11, '2023-08-19 05:34:27'),
(6, 17, 11, '2023-08-19 05:34:29'),
(7, 13, 11, '2023-08-19 05:34:34'),
(8, 10, 11, '2023-08-19 05:34:55'),
(29, 2, 9, '2024-02-23 09:17:23'),
(30, 15, 9, '2024-02-23 12:54:55');

-- --------------------------------------------------------

--
-- Table structure for table `manga`
--

CREATE TABLE `manga` (
  `id` int(11) NOT NULL,
  `name` varchar(255) NOT NULL,
  `subname` varchar(250) DEFAULT NULL,
  `Type` varchar(45) NOT NULL,
  `description` longtext NOT NULL,
  `image1` varchar(120) DEFAULT NULL,
  `genre` text DEFAULT NULL,
  `written` varchar(45) DEFAULT NULL,
  `drawer` varchar(50) DEFAULT NULL,
  `state` varchar(25) NOT NULL DEFAULT 'ููุณุชูุฑ',
  `Published` varchar(12) DEFAULT NULL,
  `rate` float DEFAULT NULL,
  `r_age` int(11) NOT NULL DEFAULT 12,
  `userid` bigint(255) DEFAULT NULL,
  `youtube_url` text DEFAULT NULL,
  `view_total` int(11) NOT NULL DEFAULT 0,
  `creationdate` timestamp NOT NULL DEFAULT current_timestamp()
) ENGINE=InnoDB DEFAULT CHARSET=utf8mb4 COLLATE=utf8mb4_general_ci;

--
-- Dumping data for table `manga`
--

INSERT INTO `manga` (`id`, `name`, `subname`, `Type`, `description`, `image1`, `genre`, `written`, `drawer`, `state`, `Published`, `rate`, `r_age`, `userid`, `youtube_url`, `view_total`, `creationdate`) VALUES
(1, 'Hokuto no Ken', NULL, 'Manga', 'Fist of The North Star ูุจุถุฉ ูุฌู ุงูุดูุงู ูุชูุทู โุ ูุณูู ูู ุงูุฏุจูุฌุฉ ุงูุนุฑุจูุฉ ุณูู ุงููุงุฑุ ูู ุณูุณูุฉ ูุงูุบุง ูุงุจุงููุฉ ูู ุชุฃููู ุจุฑููุณูู ูุฑุณูู ุชุชุณู ูุงุฑุง ูุงูุชุจุณุช ุฅูู ูุณูุณู ุฃููู ุชููุฒููููุ ุนุฑุถ ูู 11 ุฃูุชูุจุฑ ุนุงู 1984 ุญุชู 5 ูุงุฑุณ ุนุงู 1987.', '1.jpg', 'ุงูุดู, ุฑุนุจ, ูููู ูุชุงู', 'ุจุฑููุณูู', NULL, 'ูููุชูู', '1983', 8.1, 12, 1, NULL, 2652, '2022-09-13 00:32:55'),
(2, 'One Piece', 'ูู ุจูุณ', 'Manga', 'ููู ุจูุณุ ูู ุณูุณูุฉ ูุงูุบุง ูุงุจุงููุฉ ูู ุชุฃููู ูุฑุณู ุฅููุชุดูุฑู ุฃูุฏุง. ุณููุณููุช ุงููุงูุบุง ูู ุดููู ุฌูุจ ุงูุฃุณุจูุนูุฉ ููุฐ 4 ุฃุบุณุทุณ 1997ุ ุชููุดุฑ ุงููุตูู ุงูููุฑุฏุฉ ูู ูุฌูุฏุงุช ุชุงูููุจูู ูู ููุจู ุดูุฆูุดุง ูุน ููู ุงูุฅุตุฏุงุฑ ุงูุฃูููู ูู 14 ุฏูุณูุจุฑ 1997.', '2.jpg', 'ูุบุงูุฑุฉ,   ููููุฏูุง,   ุดูููู', 'ุฅููุชุดูุฑู ุฃูุฏุง', 'ุฅููุชุดูุฑู ุฃูุฏุง', 'ููุณุชูุฑ', '1997', 8.67, 12, 1, 'https://www.youtube.com/watch?v=fX9NK-_YqlI', 1132, '2022-11-14 13:05:42'),
(3, 'Hunter ร Hunter', NULL, 'Manga', 'ุชุฏูุฑ ุงููุตุฉ ุญูู ุตุจู ููุฏุนู (ุบูู) ูุนูู ุฃู ูุงูุฏู ูู ุงููุงูุน ูุชูุชุน ุจุตุญุฉ ุฌูุฏุฉ ูุนูู ููุฏ ุงูุญูุงุฉ ุชูุงููุง ุนูุฏูุง ูุณูุน ุฃูู ูุฏ ูุงุช ุ ู (ุบูู) ุงูุฐู ุงูุชุดู ุฃู ูุงูุฏู (ุฌููุบ) ูู ุตูุงุฏ ุฃุณุทูุฑู. ูู ุงูุฃูุฑุงุฏ ุงูุฐูู ุฃุซุจุชูุง ุฃููู ูู ุงููุฎุจุฉ ุงูุจุดุฑูุฉ ุงููุชุฎุตุตุฉ ูู ุงูุชุดุงู ุงููุฎูููุงุช ุงููุงุฏุฑุฉ ูุงููููุฒ ุงูุณุฑูุฉ ูุบูุฑูุง. ูุชุฎูู ุฌููุบ ุนู ุงุจูู ููุณุนู ูุชุญููู ุญููู ูุน ุฃูุงุฑุจู ุ ููู ุบูู ูุฑุฑ ุฃู ูุณูุฑ ุนูู ุฎุทู ูุงูุฏู ุ ูุงุฌุชูุงุฒ ุงูุชุญุงู ุงูุตูุงุฏ ุงูุตุนุจ ุ ูุงูุนุซูุฑ ุชุฏุฑูุฌููุง ุนูู ุฃุจ ุณูุตุจุญ ุตูุงุฏูุง ุจุฅููุงููุงุชู.', '3.jpg', 'ุงูุดู, ูุบุงูุฑุฉ, ุดูููู', 'ููุดูููุฑู ุชูุบุงุดู', NULL, 'ููุณุชูุฑ', '1998', 8.71, 12, 1, NULL, 129, '2022-08-10 19:14:22'),
(4, 'Dr. Stone', NULL, 'Manga', 'ุฏูุชูุฑ ุณุชูู โ ูู ุณูุณูุฉ ูุงูุบุง ูุงุจุงููุฉ ูู ุชุฃููู ุฑูุชุดูุฑู ุฅููุงุบุงูู ูุฑุณู ุจููุชุดูุ ูุดุฑุช ูู ูุจู ุดูุฆูุดุง ูู ูุฌูุฉ ุดููู ุฌูุจ ุงูุฃุณุจูุนูุฉ ููุฐ 6 ูุงุฑุณ ุนุงู 2017. ุงูุชุจุณุช ุงููุงูุบุง ุฅูู ุฃููู ุชููุฒูููู ูู ูุจู ุงุณุชูุฏูู ุทูููู ูููู ุดููุดุงุ ุนุฑุถ ุงูุฃููู ููุฐ 5 ููููู 2019 ูุงุณุชูุฑ ูุบุงูุฉ 13 ุฏูุณูุจุฑ ูู ููุณ ุงูุนุงู ุจุชุนุฏุงุฏ 24 ุญููุฉ. ', '4.jpg', 'ููููุฏูุง, ุฎูุงู, ุนุงุฆูู, ุฐูุงุก', 'ุฑูุชุดูุฑู ุฅููุงุฌุงูู', NULL, 'ูููุชูู', '2017', 8.2, 12, 1, NULL, 183, '2022-08-10 19:21:28'),
(5, 'Shingeki No Kyojin', NULL, 'Manga', 'ูุฌูู ุงูุนูุงููุฉ ุงูุนูุงููุฉ ููููู ุณูุณูุฉ ูุงูุบุง ูุงุจุงููุฉ ููู ุชุฃูููู ูุฑุณูู ูุงุฌููู ุฅูุณุงูุงูุง. ูุชูุนู ุฃุญุฏุงุซูุง ููู ุนุงููู ุฎูุงููู ุญูุซู ูุนูุดู ุงูุจุดุฑู ุฏุงุฎู ุฃุฑุงุถู ูุญุงุทุฉ ุจุซูุงุซุฉ ุฃุณูุงุฑ ุถุฎูุฉ ุชุญูููู ูู ุนูุงููุฉู ูุฃูููู ุงูุจุดุฑุ ุชุจุฏุฃู ุงูุฃุญุฏุงุซู ุญููู ูุชู ุงุฎุชุฑุงู ุฃุญุฏ ุงูุฃุณูุงุฑ ูููู ุณููุฑ ูุงุฑูุง ุญูุซู ุชููููู ุงูุนูุงููุฉ ุจุฅุจุงุฏุฉู ุซููุซู ุงูุจุดุฑูุฉ.\r\n\r\nุจุฏุฃุช ุณูุณูุฉู ุงููุงูุบุง ูุฃูููู ูุฑุฉ ููู ูุฌูุฉู ูู ููุฏุงูุดุงุ ุจูุณุงุชุณู ุดููู ูู 9 ุณุจุชูุจุฑ 2009. ููุฏ ุชู ุฌูุนูุง ูู 28 ูุฌูุฏ ุชุงูููุจูู ุงุนุชุจุงุฑูุง ูู ุฃุจุฑูู 2019. ูุงูุช ุณูุณูุฉ ูุฌูู ุงูุนูุงููุฉ ูุฌุงุญุงู ุชุฌุงุฑูุงูุ ูุงุนุชุจุงุฑูุง ูู ุฃุจุฑูู 2019 ุชู ุทุจุน ูุง ููุฑุจ ูู 90 ููููู ูุณุฎุฉ ุชุงูููุจูู ูู ุฌููุน ุฃูุญุงุก ุงูุนุงูู (80 ููููู ูู ุงููุงุจุงู ู 10 ููุงููู ุฎุงุฑุฌ ุงููุงุจุงู)ุ ููุง ูุฌุนููุง ูุงุญุฏุฉ ูู ุณูุณูุฉ ุงููุงูุบุง ุงูุฃูุซุฑ ูุจูุนุง. ููุฏ ูุงุฒุช ุจุฌูุงุฆุฒ ุนุฏูุฏุฉุ ูุซู ุฌุงุฆุฒุฉ ููุฏุงูุดุง ูููุงูุบุงุุฌูุงุฆุฒ ููุดูููุฒูุ ู ุฌุงุฆุฒุฉ ูุงุฑูู.', '5.jpg', 'ุณูููู, ุงูุดู, ุฅูุชูุงู', 'ูุงุฌููู ุฅูุณุงูุงูุง', NULL, 'ูููุชูู', '2009', 8.6, 18, 1, NULL, 127, '2022-08-10 19:24:15'),
(6, 'Solo Leveling', NULL, 'Manhwa', 'ุณููู ููููููุฌ โ ุงูุชู ุชูุฑุฌูุช ุฃูุถูุง ุจุฏููุง ูู ุฐูู ุจุนุจุงุฑุฉ ยซุฃูุง ููุท ูู ุงููุณุชูู ุงูุฃุนููยปุ ูู ุฑูุงูุฉ ุฅูุชุฑูุช ููุฑูุฉ ุฌููุจูุฉ ูุชุจูุง ุชุดูุฌููุบ. ุชูุณูุณููุช ูู ููุตุฉ ููุฑุณูู ุงููุฒููุฉ ุงูุฎูุงููุฉ ููุดุฑุช ูุฃูู ูุฑุฉ ูู 25 ููููู 2016ุ ุชู ุชุญููููุง ูููุจุชููุฒ ูุดุฑุช ูู ูุงุฑุณ 2018ุ ูููุถุญุช ุจูุณุงุทุฉ ุฌุงูุบ ุณูู ุฑุงูุ ุงูุฑุฆูุณ ุงูุชูููุฐู ูุฑูุฏูู ุณุชูุฏูู. ', '6.jpg', 'ููุชุงุฒูุง, ูุบุงูุฑุฉ, ุงูุดู', 'Chugong', NULL, 'ููุณุชูุฑ', '2016', 8.7, 12, 1, NULL, 38, '2022-08-10 19:24:40'),
(7, 'Bleach', NULL, 'Manga', 'ุจููุชุดโ ูู ูุงูุบุง ูุงุจุงููุฉ ูู ูุฆุฉ ุงูุดููู ูู ุชุฃููู ุฑุณุงู ุงููุงูุบุง ุงููุงุจุงูู ุชุงูุช ููุจูุ ุจููุชุด ูุชูุจุน ุฃุญุฏุงุซ ูุตุฉ \"ุฅูุชุดูุบู ููุฑูุณุงูู\" ุจุนุฏ ุงูุชุณุงุจู ูุทุงูุฉ ุงูุดูููุบุงูู (ๆญป็ฅ ุดูููุบุงููุุ ุชุนูู ุญุฑููุง \"ุฅูู ุงูููุช\") ูู ุดูููุบุงูู ุขุฎุฑุ ููุธุฑูุง ูุงูุชุณุงุจู ูุฐู ุงูุทุงูุฉ ุงูุฌุฏูุฏุฉ ููู ุนููู ุงูููุงู ุจูุงุฌุจุงุช ุงูุดูููุบุงููุ ูุงูุชู ูู ูุฒููุฉ ุงูุฃุฑูุงุญ ุงูุดุฑูุฑุฉ ูุงูุชู ุชุณูู ุงููุฌูููู ุฃู ุงููููู (ุจุงูุฅูุฌููุฒูุฉ: Hollow)โ ูููุงุฏุชูู ุฅูู ุงูุญูุงุฉ.', '7.jpg', 'ุฎูุงู, ุงูุดู, ูุบุงูุฑุฉ', 'Kubo Tite', NULL, 'ูููุชูู', '2001', 7.8, 12, 1, NULL, 71, '2022-08-10 19:27:37'),
(8, 'Dragon Ball Super', NULL, 'Manga', 'ูุตุฉ ูุงูุบุง Dragon Ball Super .. ูู ุฎูุงู ุฅุนุงุฏุฉ ุชูุญูุฏ ุดุฎุตูุงุช ุงูุงูุชูุงุฒ ุงูุดููุฑุฉ ุ ูุชุจุน ุฏุฑุงุบูู ุจูู ุณูุจุฑ ุขุซุงุฑ ูุนุฑูุฉ ุบููู ุงูุดุฑุณุฉ ูุน ูุงุฌูู ุจู ููู ูุญุงูู ุงูุญูุงุธ ุนูู ุณูุงู ุงูุฃุฑุถ ุงููุด.', '8.jpg', 'ูุบุงูุฑุฉ, ุดูููู, ุงูุดู', 'ุงููุฑุง ุชูุฑูุงูุง', NULL, 'ููุณุชูุฑ', '2015', 7.26, 12, 1, NULL, 871, '2022-08-10 19:29:44'),
(9, 'Death Note', NULL, 'Manga', 'ูุตุฉ ูุงูุฌุง Death Note ูููุฑุฉ ุงูููุช ุชุฏูุฑ ุนูุฏูุง ููุณูุท ุฑููู -ุฒุนูู ุงูููุช- ูุฐูุฑุฉ ุงูููุช ุงูุฎุงุตุฉ ุจู ูู ุนุงูู ุงูุจุดุฑ ูู ุฃุฌู ุงููุชุนุฉ ุงูุดุฎุตูุฉ. ูู ุงููุงุจุงูุ ูุชุนุซุฑ ุทุงูุจ ุงููุฏุฑุณุฉ ุงูุซุงูููุฉ ุงููุฐูู ุดุฏูุฏ ุงูุฐูุงุก โูุงูุช ูุงุฌุงููโ ุนูููุง. ุฏุงุฎู ูููุฑุฉ ุงูููุงุญุธุงุชุ ูุฌุฏ ุฑุณุงูุฉ ุชูุดุนุฑ ููุง ุงูุฃุจุฏุงู: ุฃููุฆู ุงูุฐูู ูุชุจุช ุฃุณูุงุคูู ูููุง ุณูููุชูู. ุทุจูุนุชูุง ุบูุฑ ุงูููุทููุฉ ุชุณูู ุงูุถูุก. ููู ุนูุฏูุง ูุฎุชุจุฑ ููุชูุง ูู ุฎูุงู ูุชุงุจุฉ ุงุณู ูุฌุฑู ูููุ ูุฅููู ูุฌุฃุฉ ููุงุฌููู ุฒูุงููู.\r\n\r\nูู ุฎูุงู ุฅุฏุฑุงู ุฅููุงูุงุช ูุฐูุฑุฉ ุงูููุช ุงููุงุฆูุฉุ ูุจุฏุฃ ูุงูุช ุณูุณูุฉ ูู ุฌุฑุงุฆู ุงููุชู ุงูุดุงุฆูุฉ ุชุญุช ุงูุงุณู ุงููุณุชุนุงุฑ โููุฑุงโ ุ ูุชุนูุฏุงู ุจุชุทููุฑ ุงูุนุงูู ูู ุงูุฃูุฑุงุฏ ุงููุงุณุฏูู ูุฅูุดุงุก ูุฌุชูุน ูุซุงูู ุญูุซ ุชุชููู ุงูุฌุฑููุฉ ุนู ุงููุฌูุฏ. ููุน ุฐููุ ุฃุฏุฑูุช ุงูุดุฑุทุฉ ุจุณุฑุนุฉุ ูุทูุจูุง ูุณุงุนุฏุฉ ุงููุญูู ุฅู L โ ุงูุนูู ุงููุฏุจุฑ โ ูููุดู ุนู ุงูุฌุงูู.', '9.jpg', 'ุฎูุงู, ุดูููู, ุบููุถ', 'ุงูุจุงุชุง ุชุงููุดู', NULL, 'ูููุชูู', '2003', 8.7, 12, 1, NULL, 77, '2022-08-10 19:30:57'),
(10, 'Vinland Saga', NULL, 'Manga', 'ูุตุฉ ูุงูุบุง Vinland Saga ุชุฏูุฑ ุญูู ุซูุฑููู ุงุจู ุฃุญุฏ ุฃุนุธู ูุญุงุฑุจู ุงููุงูููุฌ ุ ูู ูู ุจูู ุฃูุถู ุงูููุงุชููู ูู ูุฑูุฉ ุงููุฑุชุฒูุฉ ุงููุฑุญุฉ ุงูุชู ูุฏูุฑูุง ุฃุณูููุงุฏ ุงููุงูุฑุฉ ุ ููู ุฅูุฌุงุฒ ุฑุงุฆุน ูุดุฎุต ูู ูุซู ุนูุฑู. ููุน ุฐูู ุ ูุฅู ุซูุฑููู ููุณ ุฌุฒุกูุง ูู ูุฌููุนุฉ ุงูููุจ ุงูุฐู ููุถู ุฅูููุงุ ูุฃูู ุชุณุจุจ ูู ูุฃุณุงุฉ ูุจูุฑุฉ ูุนุงุฆูุชู ุ ููุฏ ุชุนูุฏ ุงูุตุจู ุจูุชู ุฃุณูููุงุฏ ูู ูุจุงุฑุฒุฉ ุนุงุฏูุฉ. ูู ููู ุซูุฑููู ูุงูุฑูุง ุจูุง ูููู ูุฅูุญุงู ุงููุฒููุฉ ุจู ุ ูููู ุบูุฑ ูุงุฏุฑ ุนูู ุงูุชุฎูู ุนู ุซุฃุฑู ุ ููุถู ุทูููุชู ูุน ุทุงูู ุงููุฑุชุฒูุฉ ุ ููุตูู ููุงุฑุงุชู ูู ุณุงุญุฉ ุงููุนุฑูุฉ ุจูู ุงูุฏููุงุฑูููู ุงููุญุจูู ููุญุฑุจ ุ ุญูุซ ุงููุชู ูู ูุฌุฑุฏ ูุชุนุฉ ุฃุฎุฑู ูู ุงูุญูุงุฉ.', '10.jpg', 'ุฏุฑุงูุง, ุงูุดู, ูุบุงูุฑุฉ', ' Yukimura, Makoto', NULL, 'ููุณุชูุฑ', '2005', 9, 12, 1, NULL, 59, '2022-08-10 19:31:58'),
(11, 'One Punch Man', NULL, 'Manga', 'ุจุนุฏ ุชุฏุฑูุจ ุตุงุฑู ููุฏุฉ ุซูุงุซ ุณููุงุช ุ ุงูุชุณุจ Saitama ุงูุนุงุฏู ููุฉ ูุงุฆูุฉ ุชุณูุญ ูู ุจุฅุฎุฑุงุฌ ุฃู ุดุฎุต ูุฃู ุดูุก ุจูููุฉ ูุงุญุฏุฉ ููุท. ูุฑุฑ ุงุณุชุฎุฏุงู ููุงุฑุชู ุงูุฌุฏูุฏุฉ ุจุดูู ุฌูุฏ ูู ุฎูุงู ุฃู ูุตุจุญ ุจุทูุงู. ููุน ุฐูู ุ ุณุฑุนุงู ูุง ูุดุนุฑ ุจุงูููู ูู ูุฒููุฉ ุงููุญูุด ุจุณูููุฉ ุ ููุฑูุฏ ูู ุดุฎุต ูุง ุฃู ูุนุทูู ุชุญุฏููุง ูุฅุนุงุฏุฉ ุดุฑุงุฑุฉ ูููู ุจุทูุงู.', '11.jpg', 'ููููุฏูุง, ุฎูุงู, ูููู ูุชุงู', 'Murata, Yusuke', NULL, 'ููุณุชูุฑ', '2013', 8.75, 12, 1, NULL, 228, '2022-09-23 10:43:54'),
(12, 'Detective Conan', NULL, 'Manga', 'ูุงูุฌุง ุงููุญูู ูููุงู : ูุณุชุฎุฏู ุงููุญูู ูู ุงููุฏุฑุณุฉ ุงูุซุงูููุฉ ุดูููุชุดู ููุฏู ุ ุงูุฐู ุชู ุงูุชุฑุญูุจ ุจู ุจุงุนุชุจุงุฑู ุงููููุฐ ููุณู ุงูุดุฑุทุฉ ุงููุงุจุงููุฉ ุ ูุฒูุฌูุง ูู ููุงุฑุงุช ุงูููุงุญุธุฉ ูุงูุชูููุฑ ุงูููุฏู ูุงููุนุฑูุฉ ุงูุดุงููุฉ ูุญู ุงููุถุงูุง ุงูุชู ุชุชุฑู ุงูุดุฑุทุฉ ูู ุญูุฑุฉ ูู ุฃูุฑูุง. ุฐุงุช ููู ุ ุฃุซูุงุก ูุฒูุฉ ูุน ุตุฏูู ุงูุทูููุฉ ุฑุงู ููุฑู ุ ุดูุฏ ุดูููุชุดู ุนูู ุตููุฉ ูุดุจููุฉ ุจูู ุฑุฌููู ูุชู ุงููุจุถ ุนููู. ูุชูุฌุฉ ูุฐูู ุ ููุฌุจุฑ ุนูู ุชูุงูู ุณู ูู ุงูููุชุฑุถ ุฃู ููุชูู ุ ูููู ุจุดูู ุบูุฑ ูุชููุน ูุชููุต ุฌุณุฏู ุฅูู ุญุฌู ุทุงูุจ ูู ุงููุฏุฑุณุฉ ุจุฏูุงู ูู ุฐูู. ููุนุชูุฏ ุงูุขู ุฃูู ููุช ุ ูุฃุฎุฐ ุดูููุชุดู ุงูุงุณู ุงููุณุชุนุงุฑ ูููุงู ุฅูุฏูุบุงูุง (ูุฑูุจ ูุฃุณูุงุก ูุคููู ุงูุฃูุบุงุฒ ุงููุดููุฑูู ุขุฑุซุฑ ูููุงู ุฏููู ูุฑุงูุจู ุฅูุฏูุบุงูุง) ูู ุฃุฌู ุฅุฎูุงุก ูููุชู ููุจุฏุฃ ุญูุงุชู ุงูุฌุฏูุฏุฉ ูุทูู ูุจูุบ ูู ุงูุนูุฑ ุณุจุน ุณููุงุช ุงูุนูุด ูุน ุฑุงู ููุงูุฏูุง ุงููุจุงุญุซ ุงูุฎุงุต.', '12.jpg', 'ุฌุฑููุฉ, ุฐูุงุก, ุบููุถ', 'Aoyama, Gosho', NULL, 'ููุณุชูุฑ', '1994', 8.29, 12, 1, NULL, 505, '2022-09-25 07:57:14'),
(13, 'Batman', NULL, 'Comics', 'ุจุงุชูุงู ูู ุณูุณูุฉ ูุชุจ ููููุฏูุฉ ุฃูุฑูููุฉ ูุณุชูุฑุฉ ุชุชููุฒ ุจุจุทููุง ุงูุฑุฆูุณู ุจุงุชูุงู ูู DC Comics. ุธูุฑุช ุงูุดุฎุตูุฉ ุ ุงูุชู ุฃูุดุฃูุง Bill Finger ู Bob Kane ุ ูุฃูู ูุฑุฉ ูู Detective Comics ุฑูู 27 (ุบูุงู ูุคุฑุฎ ูู ูุงูู 1939). ุฃุซุจุช ุจุงุชูุงู ุฃูู ุดุงุฆุน ุฌุฏูุง ูุฏุฑุฌุฉ ุฃู ุณูุณูุฉ ูุชุจ ููููุฏูุฉ ูุณุชูุฑุฉ ุชุญูู ุนููุงููุง ุฐุงุชููุง ุจุฏุฃ ูุดุฑูุง ุจุชุงุฑูุฎ ุบูุงู ุฑุจูุน ุนุงู 1940. ุชู ุงูุฅุนูุงู ุนููุง ูุฃูู ูุฑุฉ ูู ุฃูุงุฆู ุฃุจุฑูู ุนุงู 1940 ุ ุจุนุฏ ุดูุฑ ูุงุญุฏ ูู ุงูุธููุฑ ุงูุฃูู ูุตุฏููู ุงูุฌุฏูุฏ ุ ุฑูุจู ุงูุตุจู ุงูุนุฌุงุฆุจ. ุฃุซุจุชุช ูุงุฑููุงุชูุฑ ุจุงุชูุงู ุฃููุง ุชุญุธู ุจุดุนุจูุฉ ููุฐ ุงูุฃุฑุจุนูููุงุช.', '13.jpg', 'ุฑุนุจ, ุฌุฑููุฉ, ุงูุดู', 'Chip Zdarsky', NULL, 'ููุณุชูุฑ', '0', 9, 12, 1, NULL, 63, '2023-05-31 10:13:17'),
(14, 'Chainsaw Man', NULL, 'Manga', 'ูุงูุฌุง ุฑุฌู ุงูููุดุงุฑ : โุฏููุฌูโ ูุฏูู ุญูู ุจุณูุทุ ุฃู ูุนูุด ุญูุงุฉ ุณุนูุฏุฉ ูุณูููุฉุ ูููุถู ุงูููุช ูุน ูุชุงุฉ ูุญุจูุง. ููู ูุฐุง ุจุนูุฏ ูู ุงูุจุนุฏ ุนู ุงููุงูุนุ ุญูุซ ุนุตุงุจุฉ ุงููุงููุฒุง ุฃุฌุจุฑุช โุฏููุฌูโ ุนูู ูุชู ุงูุดูุงุทูู ูู ุฃุฌู ุณุฏุงุฏ ุฏูููู ุงูุณุงุญูุฉ. ุจุงุณุชุฎุฏุงู ุดูุทุงูู ุงูุฃููู โุจูุดูุชุงโ ูุณูุงุญุ ููู ูุณุชุนุฏ ููุนู ุฃู ุดูุก ููุงุจู ุงููููู ูู ุงููุงู. ูุณูุก ุงูุญุธุ ุชูุชูู ุญูุงุชู ุงูุนุฏููุฉ ุงููุงุฆุฏุฉ ูููุชู ุนูู ูุฏ ุดูุทุงู ูุชุนุงูุฏ ูุน ุงููุงููุฒุง. ูููุ ูู ุชุญูู ุบูุฑ ูุชููุน ููุฃุญุฏุงุซุ ููุฏูุฌ โุจูุดูุชุงโ ูุน ุฌุซุฉ โุฏููุฌูโ ููููุญู ูุฏุฑุงุช ุดูุทุงู ุงูููุดุงุฑ. ุงูุขู ูู ูุงุฏุฑ ุนูู ุชุญููู ุฃุฌุฒุงุก ูู ุฌุณุฏู ุฅูู ููุงุดูุฑุ ููุณุชุฎุฏู โุฏููุฌูโ ุงูุฐู ุชู ุฅุญูุงุคู ูุฏุฑุงุชู ุงูุฌุฏูุฏุฉ ููุชู ุฃุนุฏุงุฆู ุจุณุฑุนุฉ ููุญุดูุฉ. ุฌุฐุจ ุงูุชุจุงู ุตุงุฆุฏู ุงูุดูุงุทูู ุงูุฑุณูููู ุงูุฐูู ูุตููุง ุฅูู ููุงู ุงูุญุงุฏุซุ ูุนุฑุถ ุนููู ุงูุนูู ูู ููุชุจ ุงูุณูุงูุฉ ุงูุนุงูุฉ ููุงุญุฏ ูููู. ุงูุขู ูููู ุฃู ููุงุฌู ุญุชู ุฃุนุฏุงุก ุฃูููุ ูููู ูู ูุชููู โุฏููุฌูโ ุนูุฏ ุฃู ุดูุก ูุชุญููู ุฃุญูุงู ุงููุฑุงูููู ุงูุจุณูุทุฉ ุงูุชู ูุฑุบุจ ุจูุง.', '14.jpg', 'ุฑุนุจ, ุงูุดู, ุนูู', 'Fujimoto Yuuki', NULL, 'ููุณุชูุฑ', '0', 8, 12, 1, NULL, 42, '2023-06-30 07:58:36'),
(15, 'Naruto Shippuden', NULL, 'Manga', 'ูุงุฌู ุงูุซุนูุจ ุงูุฃุณุทูุฑู ุฐู ุงูุชุณุนุฉ ุฐููู ูุฑูุฉ ูููููุง ููุชู ุงูุนุฏูุฏ ูู ุณูุงููุง ูุฃุญููู ุจูุง ุงูุฏูุงุฑุ ุชุตุฏู ูู ุงููููุงุบู ุงูุฑุงุจุนุ ูุถุญู ุจุญูุงุชู ููุณุชุนูู ุนููู ุฃุญุฏ ุชูููุงุช ุงูุฎุชู ุงูุชู ุฎุชู ุจูุง ุฅูุงู ูู ุฌุณุฏ ููููุฏู ุฌุฏูุฏุ ููุฐุง ุงูููููุฏ ูู \"ุฃูุฒููุงูู ูุงุฑูุชู\".', '15.jpg', 'ููููุฏูุง, ุฏุฑุงูุง, ุดูููู', 'Kishimoto Masashi', NULL, 'ููุณุชูุฑ', '0', 8.8, 12, 1, NULL, 23, '2023-06-30 09:45:12'),
(16, 'jujutsu kaisen', 'Sorcery Fight , ููุงูุญุฉ ุงูุณุญุฑ , ุฌูุฌูุชุณู ูุงูุณู', 'Manga', 'ูู ุนุงูู ุชุชุบุฐู ููู ุงูุดูุงุทูู ุนูู ุงูุจุดุฑ ุงูุฐูู ุจุฏุฃู ุจุฎุณุงุฑุฉ ุฃููุณููุ ุถุงุนุช ุดุธุงูุง ุงูุดูุทุงู ุงูุฃุณุทูุฑู ูุงููุฎูู โุฑููููู ุณููููุงโ ูุชูุฑูุช. ุฅุฐุง ุงุณุชููู ุฃู ุดูุทุงู ุฃุฌุฒุงุก ูู ุฌุณู โุณููููุงโุ ูุฅู ุงูููุฉ ุงูุชู ููุชุณุจูููุง ูููู ุฃู ุชุฏูุฑ ุงูุนุงูู ุงูุฐู ูุนุฑูู. ูุญุณู ุงูุญุธุ ููุงู ูุฏุฑุณุฉ ุบุงูุถุฉ ูู ุงูุณุญุฑุฉ โุฌูุฌูุชุณูโ ุงูุฐูู ูุนูุดูู ูุญูุงูุฉ ูุฐุง ุงูููู ุงูุบูุฑ ุงููุณุชูุฑุ ูู ุงูุดูุงุทูู ูุงูููุชู ุงูุฃุญูุงุก! โุงูุชุงุฏูุฑู ูููุฌูโ ูู ุทุงูุจ ูู ุงููุฏุฑุณุฉ ุงูุซุงูููุฉ ููุถู ุฃูุงูู ูู ุฒูุงุฑุฉ ุฌุฏู ุทุฑูุญ ุงููุฑุงุด. ุนูู ุงูุฑุบู ูู ุฃูู ูุจุฏู ูุซู ุงููุฑุงูู ุงูุนุงุฏูุ ุฅูุง ุฃู ููุชู ุงูุฌุณุฏูุฉ ุงููุงุฆูุฉ ุดูุก ูุณุชุญู ุงูุงูุชุจุงู! ูู ูุงุฏ ุฑูุงุถู ูุฑุบุจ ููู ุฃู ููุถู ุฅูููุ ููู โุงูุชุงุฏูุฑูโ ููุถู ุงูุชุณูุน ูุน ููุจูุฐู ุงููุฏุฑุณุฉ ูู ูุงุฏู ุงูุบููุถ ูุงูุฎูุงุฑู. ูู ุฃุญุฏ ุงูุฃูุงูุ ุชููู ุงููุงุฏู ูู ูุถุน ุฃูุฏููู ุนูู ุฌุณู ููุนูู ูุฎุชููุ ููู ููุณุช ูุฏููู ุฃู ููุฑุฉ ุนู ุงูุฑุนุจ ุงูุฐู ุณูุทููููู ุนูุฏูุง ููุณุฑูู ุงูุฎุชูโฆ', '16.jpg', 'ุฑุนุจ, ุงูุดู, ุนูู', 'Akutami Gege', 'Akutami Gege', 'ููุณุชูุฑ', '2018', 8.52, 12, 1, NULL, 29, '2023-07-02 06:55:16'),
(17, 'Kimetsu no Yaiba', 'Demon Slayer ูุงุชู ุงูุดูุงุทูู', 'Manga', 'ุชุงูุฌูุฑู ูู ุงูุงุจูู ุงูุฃูุจุฑู ูุนุงุฆูุชู ุงูุชู ููุฏุช ุนุงุฆููุง. ููู ุฃุญุฏู ุงูุฃูุงูุ ููุฎุงุทุฑู ุชุงูุฌูุฑู ุจุงูุฐูุงุจู ุฅูู ูุฑูุฉู ุฃุฎุฑู ูุจูุนู ุงููุญู. ูููู ูุธุฑูุง ูุญูููู ุงูููู ูุงูุชุดุงุฑู ุฅุดุงุนุงุชู ุจูุฌูุฏู ุดูุงุทููู ุชุฌููู ูุฑูุจูุง ูู ุงูุฌุจุงูุ ููุชูู ุจูู ุงูุญุงูู ุจุฃู ูุจูุชู ูููุชูู ูู ููุฒูู ุดุฎุตู ุขุฎุฑู ุจุฏููุง ูู ุงูุนูุฏุฉู ุฅูู ููุฒููุ ูุญููู ูุตูู ุฅูู ููุฒููู ูู ุงูุตุจุงุญู ุงูุชุงููุ ูุฌุฏู ูุฃุณุงุฉู ูุฑูุนุฉู ูู ุงูุชุธุงุฑู...', '17.jpg', 'ุงูุดู, ูุบุงูุฑุฉ, ุดูููู', 'Gotouge Koyoharu', 'Gotouge Koyoharu', 'ูููุชูู', '2016', 8.56, 12, 1, NULL, 396, '2023-07-02 10:38:19');

-- --------------------------------------------------------

--
-- Table structure for table `news`
--

CREATE TABLE `news` (
  `id` int(11) NOT NULL,
  `title` varchar(255) NOT NULL,
  `image1` text NOT NULL,
  `description` longtext NOT NULL,
  `user` int(11) NOT NULL,
  `creationdate` timestamp NOT NULL DEFAULT current_timestamp()
) ENGINE=InnoDB DEFAULT CHARSET=utf8mb4 COLLATE=utf8mb4_general_ci;

--
-- Dumping data for table `news`
--

INSERT INTO `news` (`id`, `title`, `image1`, `description`, `user`, `creationdate`) VALUES
(1, 'Kimetsu no Yaiba', '2022-11-05-16-43-53 - 59802255.png', 'ุงูููุณู ุงูุซุงูุซ ูู ูุงุชู ุงูุดูุงุทูู ุณูุฏูุฑ ุญูู ุณูุฑ โุชุงูุฌูุฑูโ ุฅูู ูุฑูุฉ ุตุงูุน ุงูุณููู ูุงุณุชุจุฏุงู ุณููู ูุฃู โููุชุงุฑู ูุงุบุงููุฒูููุงโ ุชุนุจ ูู ุฅุตูุงุญู ', 1, '2022-04-06 15:23:52'),
(2, 'Dragon Ball Super', '2.jpg', 'ุชู ุงูุชุจุงุณ ุดุฎุตูุฉ ุจูุฑูุณ ูู ูุทุฉ ูุฑุนูููุฉ ููุชูููุง ุงููุฑุง ุชูุฑูุงูุง', 1, '2022-07-03 20:37:47'),
(3, 'Hokto No Ken', '2022-11-05-15-39-06 - 1621390037.jpg', 'ูุนุชุจุฑ ูู ุฃูุซุฑ ุงูุงูููุงุช ูุฌุงุญุงู ูุชุญูููุงู ููุงุฑุจุงุญ ููู ุงูุงุฆู ุจุฏุงูุฉ ุนุตุฑ ุงูุงููู ุงูุนุธูู', 1, '2022-11-05 14:35:53'),
(4, 'One Piece', '3.jpg', 'ุนุงุฌู ูุฑุณููุง ุงูุญููุฉ ุงูููุชุธุฑุฉ ูู ุฃููู ูู ุจูุณ ุงูุชู\nุณุชุดูุฏ ุชุญูู ูููู ููุฌูุฑ ุงูุฎุงูุณ ู ุงููุงุธ ุงููุงููุฉ\nุณุชููู ุฃุบูู ุญููุฉ ูู ุชุงุฑูุฎ ุนุงูู ุงูุฃููู ุจุชูููุฉ ููู\nุงูู 5 ููููู ุฏููุงุฑ ู ุณูู ุชุนุฑุถ ุจุนุฏ ุดูุฑ ููุท', 1, '2023-07-13 14:36:34'),
(12, 'hhh', '64e2f84565b11.jpg', 'bbvvb', 1, '2023-08-21 05:38:13'),
(14, 'ccc', '64e2fdfabe4d3.jpg', 'vvvvcvv', 1, '2023-08-21 06:02:34'),
(15, 'One Piece', '64f1804b51438.jpg', 'ุนุงุฌู ูุฑุณููุง ุงูุญููุฉ ุงูููุชุธุฑุฉ ูู ุฃููู ูู ุจูุณ ุงูุชู\nุณุชุดูุฏ ุชุญูู ูููู ููุฌูุฑ ุงูุฎุงูุณ ู ุงููุงุธ ุงููุงููุฉ\nุณุชููู ุฃุบูู ุญููุฉ ูู ุชุงุฑูุฎ ุนุงูู ุงูุฃููู ุจุชูููุฉ ููู\nุงูู 5 ููููู ุฏููุงุฑ ู ุณูู ุชุนุฑุถ ุจุนุฏ ุดูุฑ ููุท', 1, '2023-09-01 06:10:19'),
(16, 'ุฎุจุฑ ูุญุฒู', '65ea8dc317714.jpg', 'ููุงุฉ ูุคูู ุณูุณูุฉ ุฏุฑุงููู ุจูู ุงููุฑุง ุชูุฑูุงูุง ????', 1, '2024-03-08 04:02:11'),
(17, 'gtgtgtg', '6692d1587bf23.jpg', 'bbbbbbbbbbbbbbbbb', 1, '2024-07-13 19:11:20');

-- --------------------------------------------------------

--
-- Table structure for table `rate`
--

CREATE TABLE `rate` (
  `id` int(11) NOT NULL,
  `manga` int(11) NOT NULL,
  `rate` int(11) NOT NULL,
  `user_id` int(11) NOT NULL,
  `date` timestamp NOT NULL DEFAULT current_timestamp() ON UPDATE current_timestamp()
) ENGINE=InnoDB DEFAULT CHARSET=utf8mb4 COLLATE=utf8mb4_general_ci;

--
-- Dumping data for table `rate`
--

INSERT INTO `rate` (`id`, `manga`, `rate`, `user_id`, `date`) VALUES
(1, 17, 8, 9, '2023-08-15 08:10:26'),
(2, 7, 7, 9, '2023-08-13 19:54:09'),
(3, 11, 9, 9, '2023-08-13 22:20:11'),
(4, 1, 8, 9, '2023-08-14 16:49:35'),
(5, 2, 6, 9, '2023-08-14 20:27:44'),
(6, 17, 0, 1, '2023-10-24 19:41:31');

-- --------------------------------------------------------

--
-- Table structure for table `request`
--

CREATE TABLE `request` (
  `id` int(11) NOT NULL,
  `type` varchar(12) NOT NULL,
  `request` varchar(120) NOT NULL,
  `note` blob DEFAULT NULL,
  `user_id` int(11) NOT NULL,
  `date` timestamp NOT NULL DEFAULT current_timestamp()
) ENGINE=InnoDB DEFAULT CHARSET=utf8mb4 COLLATE=utf8mb4_general_ci;

--
-- Dumping data for table `request`
--

INSERT INTO `request` (`id`, `type`, `request`, `note`, `user_id`, `date`) VALUES
(1, 'ูุงูุฌุง', 'ูุงุชู ุงูุดูุงุทูู', 0xd985d8a7d986d8acd8a720d985d985d8aad8b9d8a920d8acd8afd8a720d8a7d986d8b5d8ad20d8a8d987d8a7, 9, '2022-07-27 00:51:03');

-- --------------------------------------------------------

--
-- Table structure for table `users`
--

CREATE TABLE `users` (
  `id` bigint(255) NOT NULL,
  `fullname` varchar(255) NOT NULL,
  `username` varchar(50) DEFAULT NULL,
  `email` varchar(255) NOT NULL,
  `password` varchar(255) DEFAULT NULL,
  `image1` varchar(120) NOT NULL DEFAULT 'img_avatar1.png',
  `bio` text DEFAULT NULL,
  `verified` tinyint(1) NOT NULL DEFAULT 0,
  `facebook` varchar(200) DEFAULT NULL,
  `telegram` varchar(200) DEFAULT NULL,
  `instagram` varchar(200) DEFAULT NULL,
  `type` varchar(55) NOT NULL DEFAULT 'user',
  `born` varchar(55) DEFAULT NULL,
  `gender` varchar(55) DEFAULT 'ุฐูุฑ',
  `country` varchar(55) DEFAULT NULL,
  `loginFrom` varchar(50) NOT NULL DEFAULT 'Google',
  `isDeleted` varchar(12) NOT NULL DEFAULT 'false',
  `creationdate` timestamp NOT NULL DEFAULT current_timestamp(),
  `updationdate` timestamp NULL DEFAULT NULL ON UPDATE current_timestamp()
) ENGINE=InnoDB DEFAULT CHARSET=utf8mb4 COLLATE=utf8mb4_general_ci;

--
-- Dumping data for table `users`
--

INSERT INTO `users` (`id`, `fullname`, `username`, `email`, `password`, `image1`, `bio`, `verified`, `facebook`, `telegram`, `instagram`, `type`, `born`, `gender`, `country`, `loginFrom`, `isDeleted`, `creationdate`, `updationdate`) VALUES
(1, 'Mahmoud Shamran', 'admin_Mahmoud', 'Mahmoud.shmran88@gmail.com', '81dc9bdb52d04dc20036dbd8313ed055', 'img_avatar1.png', 'Senior Full Stack Developer ๐ฅ Desktop & Android & IOS & Web', 0, 'https://www.facebook.com/Mahmoud.Shmran/', 'https://t.me/pr_mah99', 'https://www.instagram.com/pr_mah99/', 'Admin', NULL, 'ุฐูุฑ', '', 'Google', 'false', '2022-02-14 17:32:59', '2024-07-23 07:10:28'),
(2, 'Hawra Pro', 'admin_Hawra', 'Hawra22@gmail.com', 'yvaFKOwjAH+vMw==', 'img_avatar2.png', NULL, 0, NULL, NULL, NULL, 'Admin', NULL, 'ุงูุซู', '', 'Google', 'false', '2022-07-20 16:18:03', '2023-08-28 08:27:19'),
(3, 'Aliaa Pro', 'admin_Aliaa', 'Aliaa13@gmail.com', 'c3c1b6b43180c597c85a1ed7dc04bbee', 'img_avatar2.png', NULL, 0, NULL, NULL, NULL, 'Admin', NULL, 'ุงูุซู', '', 'Google', 'false', '2022-07-20 16:18:03', '2023-08-28 08:27:16'),
(4, 'Abbas Saleh', 'admin_Abbas', 'asas@gmail.com', 'c3c1b6b43180c597c85a1ed7dc04bbee', 'img_avatar1.png', NULL, 0, NULL, NULL, NULL, 'Admin', NULL, 'ุฐูุฑ', '', 'Google', 'false', '2022-07-20 16:18:03', '2023-08-28 08:27:23'),
(5, 'Mostafa Salman', 'admin_Mostafa', 'Moss2@gamil.com', 'c3c1b6b43180c597c85a1ed7dc04bbee', 'img_avatar1.png', NULL, 0, NULL, NULL, NULL, 'Admin', NULL, 'ุฐูุฑ', '', 'Google', 'false', '2022-07-20 16:18:03', '2023-08-28 08:27:29'),
(6, 'Ibrah Shamranem', 'admin_Ibrahim ', 'ibrah22@gmail.com', 'c3c1b6b43180c597c85a1ed7dc04bbee', 'img_avatar1.png', NULL, 0, NULL, NULL, NULL, 'Admin', NULL, 'ุฐูุฑ', '', 'Google', 'false', '2022-07-21 22:17:31', '2023-08-28 08:27:37'),
(7, 'Ahmed Barakat', 'admin_Ahmed', 'Ahmed22@gmail.com', 'c3c1b6b43180c597c85a1ed7dc04bbee', 'img_avatar1.png', NULL, 0, NULL, NULL, NULL, 'Admin', NULL, 'ุฐูุฑ', '', 'Google', 'false', '2022-07-21 22:17:31', '2023-08-28 08:27:41'),
(8, 'Mariam Rahem', 'admin_Mariam', 'Mariam.rh12@gmail.com', 'c3c1b6b43180c597c85a1ed7dc04bbee', 'img_avatar2.png', NULL, 0, NULL, NULL, NULL, 'Admin', NULL, 'ุงูุซู', '', 'Google', 'false', '2022-07-22 10:22:09', '2023-08-28 08:27:45'),
(9, 'ูุญููุฏ ุดูุฑุงู ุนุฐูุจ ุฌุจู', 'pr_mah99', 'mahmoud.shmran88@gmail.com', NULL, '64a9f05074173.jpg', NULL, 0, NULL, NULL, NULL, 'user', '2023-07-13', 'ุฐูุฑ', 'ุงูุนุฑุงู', 'Google', 'false', '2023-07-08 23:23:36', '2024-02-22 21:18:53'),
(10, 'Luca For Programmers', 'luca', 'ismail@gmail.com', NULL, '64d690a55ba5b.jpg', NULL, 0, NULL, NULL, NULL, 'user', NULL, 'ุฐูุฑ', NULL, 'Google', 'false', '2023-08-11 19:48:53', '2024-07-23 07:10:58'),
(11, 'Mahmoud Shamran', '1812283332', 'mahmoud.shmran88@gmail.com', NULL, '64e841a0a3074.jpg', NULL, 0, NULL, NULL, NULL, 'user', NULL, 'ุฐูุฑ', NULL, 'Facebook', 'false', '2023-08-25 05:52:32', '2023-08-25 05:52:48'),
(12, 'Mahmoud Shamran', '1301930375', 'Mahmoud.shmran88@gmail.com', NULL, '64f2ce4140469.jpg', NULL, 0, NULL, NULL, NULL, 'user', NULL, 'ุฐูุฑ', NULL, 'Apple', 'false', '2023-09-02 05:55:13', NULL);

--
-- Indexes for dumped tables
--

--
-- Indexes for table `chapter`
--
ALTER TABLE `chapter`
  ADD PRIMARY KEY (`id`);

--
-- Indexes for table `chapter_view`
--
ALTER TABLE `chapter_view`
  ADD PRIMARY KEY (`id`);

--
-- Indexes for table `contact`
--
ALTER TABLE `contact`
  ADD PRIMARY KEY (`id`);

--
-- Indexes for table `favorite`
--
ALTER TABLE `favorite`
  ADD PRIMARY KEY (`id`);

--
-- Indexes for table `manga`
--
ALTER TABLE `manga`
  ADD PRIMARY KEY (`id`);

--
-- Indexes for table `news`
--
ALTER TABLE `news`
  ADD PRIMARY KEY (`id`);

--
-- Indexes for table `rate`
--
ALTER TABLE `rate`
  ADD PRIMARY KEY (`id`);

--
-- Indexes for table `request`
--
ALTER TABLE `request`
  ADD PRIMARY KEY (`id`);

--
-- Indexes for table `users`
--
ALTER TABLE `users`
  ADD PRIMARY KEY (`id`);

--
-- AUTO_INCREMENT for dumped tables
--

--
-- AUTO_INCREMENT for table `chapter`
--
ALTER TABLE `chapter`
  MODIFY `id` int(11) NOT NULL AUTO_INCREMENT, AUTO_INCREMENT=69;

--
-- AUTO_INCREMENT for table `chapter_view`
--
ALTER TABLE `chapter_view`
  MODIFY `id` int(11) NOT NULL AUTO_INCREMENT, AUTO_INCREMENT=95;

--
-- AUTO_INCREMENT for table `contact`
--
ALTER TABLE `contact`
  MODIFY `id` bigint(255) NOT NULL AUTO_INCREMENT, AUTO_INCREMENT=5;

--
-- AUTO_INCREMENT for table `favorite`
--
ALTER TABLE `favorite`
  MODIFY `id` int(11) NOT NULL AUTO_INCREMENT, AUTO_INCREMENT=31;

--
-- AUTO_INCREMENT for table `manga`
--
ALTER TABLE `manga`
  MODIFY `id` int(11) NOT NULL AUTO_INCREMENT, AUTO_INCREMENT=21;

--
-- AUTO_INCREMENT for table `news`
--
ALTER TABLE `news`
  MODIFY `id` int(11) NOT NULL AUTO_INCREMENT, AUTO_INCREMENT=18;

--
-- AUTO_INCREMENT for table `rate`
--
ALTER TABLE `rate`
  MODIFY `id` int(11) NOT NULL AUTO_INCREMENT, AUTO_INCREMENT=7;

--
-- AUTO_INCREMENT for table `request`
--
ALTER TABLE `request`
  MODIFY `id` int(11) NOT NULL AUTO_INCREMENT, AUTO_INCREMENT=2;

--
-- AUTO_INCREMENT for table `users`
--
ALTER TABLE `users`
  MODIFY `id` bigint(255) NOT NULL AUTO_INCREMENT, AUTO_INCREMENT=13;
COMMIT;

/*!40101 SET CHARACTER_SET_CLIENT=@OLD_CHARACTER_SET_CLIENT */;
/*!40101 SET CHARACTER_SET_RESULTS=@OLD_CHARACTER_SET_RESULTS */;
/*!40101 SET COLLATION_CONNECTION=@OLD_COLLATION_CONNECTION */;
